recency,topic_rank,diversity,authors_mean_rank,authors_mean_hindex,authors_mean_gindex,authors_mean_sociality,authors_mean_pagerank,authors_mean_productivity,journal_pagerank,journal_rank,title_len,abstract_len,n_authors,c5,log_authors_mean_sociality
16,1.0,-0.4254360928119162,500.0,1.0,1.0,6.0,,,,101.0,66,1653,7,1.0,1.9459101490553132
8,7.0,-0.5719671271205441,134.0,1.0,1.0,6.0,,,,24.0,59,1527,7,32.0,1.9459101490553132
15,19.0,-0.8596436755093858,235.0,1.0,1.0,5.0,,,,49.0,169,1554,6,5.0,1.791759469228055
6,4.0,-1.0549991290745102,1124.0,1.0,1.0,10.0,,,,185.0,130,2121,11,7.0,2.3978952727983707
14,2.0,-0.4766967849374994,346.0,1.0,1.0,2.0,,,,72.0,100,432,3,7.0,1.0986122886681096
18,10.0,-1.1099817813006518,397.0,1.0,1.0,6.0,,,,87.0,110,923,7,5.0,1.9459101490553132
7,2.0,-0.8348756912824138,1775.0,1.0,1.0,7.0,,,,126.0,70,853,8,1.0,2.0794415416798357
9,14.0,-0.7005256966246584,570.0,1.0,1.0,4.0,,,,105.0,121,1234,5,6.0,1.6094379124341003
5,3.0,-1.4640844002567945,1282.0,1.0,1.0,3.0,,,,,44,1191,4,8.0,1.3862943611198906
17,18.0,-0.07567499279178844,112.0,1.0,1.0,8.0,,,,25.0,103,2498,9,7.0,2.1972245773362196
17,6.0,-0.12986299349026315,215.0,1.0,1.0,5.0,,,,45.0,101,1371,6,4.0,1.791759469228055
5,16.0,-1.1981863136971234,1208.0,1.0,1.0,3.0,,,,194.0,93,942,4,9.0,1.3862943611198906
20,20.0,-0.12612851890794413,365.0,1.0,1.0,7.0,,,,81.0,90,1040,8,0.0,2.0794415416798357
13,13.0,-0.171128220831476,918.0,1.0,1.0,2.0,,,,186.0,95,876,3,2.0,1.0986122886681096
11,17.0,-0.8254554631647005,39.0,1.0,1.0,4.0,,,,12.0,66,1004,5,29.0,1.6094379124341003
13,20.0,-0.17835968511606995,326.0,1.0,1.0,2.0,,,,,169,1323,3,9.0,1.0986122886681096
19,7.0,-0.26436793566691813,33.0,1.0,1.0,0.0,,,,8.0,42,492,1,15.0,0.0
15,8.0,-0.09727810501773636,220.0,1.0,1.0,1.0,,,,46.0,99,1808,2,5.0,0.6931471805599453
11,11.0,-1.6034223720653729,407.0,1.0,1.0,3.0,,,,77.0,112,1644,4,9.0,1.3862943611198906
14,19.0,-0.6479229522378812,1015.0,1.0,1.0,0.0,,,,,32,275,1,2.0,0.0
8,9.0,-0.14031620091120608,1107.0,1.0,1.0,10.0,,,,199.0,89,1547,11,6.0,2.3978952727983707
11,16.0,-0.5924591779422751,1155.0,1.0,1.0,2.0,,,,236.0,91,1403,3,3.0,1.0986122886681096
8,2.0,-1.3904804271040625,94.0,1.0,1.0,8.0,,,,,107,1987,9,46.0,2.1972245773362196
5,3.0,-1.2241503976790589,219.0,1.0,1.0,2.0,,,,,101,1147,3,49.0,1.0986122886681096
17,2.0,-0.6521764856966628,481.0,1.0,1.0,0.0,,,,103.0,81,1100,1,3.0,0.0
24,2.0,-0.16137558841556804,162.0,1.0,1.0,1.0,,,,35.0,83,895,2,1.0,0.6931471805599453
14,17.0,-1.679633830356877,894.0,1.0,1.0,2.0,,,,193.0,81,0,3,1.0,1.0986122886681096
14,15.0,-0.8854953490830315,336.0,1.0,1.0,3.0,,,,70.0,47,465,4,8.0,1.3862943611198906
14,1.0,-0.6366431626304635,799.0,1.0,1.0,0.0,,,,166.0,92,1093,1,1.0,0.0
7,8.0,-0.2893989211654331,1059.0,1.0,1.0,7.0,,,,180.0,191,1437,8,6.0,2.0794415416798357
24,9.0,-0.44786165855228965,190.0,1.0,1.0,1.0,,,,43.0,85,319,2,0.0,0.6931471805599453
5,1.0,-0.16449280128787555,2073.0,1.0,1.0,2.0,,,,343.0,184,1151,3,1.0,1.0986122886681096
16,3.0,-0.8559201931688705,539.0,1.0,1.0,2.0,,,,110.0,120,835,3,1.0,1.0986122886681096
13,4.0,-1.225835012400811,971.0,1.0,1.0,1.0,,,,199.0,78,762,2,1.0,0.6931471805599453
17,5.0,-0.1450172322420663,265.0,1.0,1.0,5.0,,,,56.0,140,1118,6,8.0,1.791759469228055
9,20.0,-0.1426256154325781,871.0,1.0,1.0,9.0,,,,153.0,136,1317,10,4.0,2.302585092994046
9,1.0,-0.087899163699625,1178.0,1.0,1.0,4.0,,,,152.0,110,1757,5,2.0,1.6094379124341003
22,13.0,-1.9631788567317285,491.0,1.0,1.0,0.0,,,,128.0,67,0,1,2.0,0.0
13,1.0,-0.18222524075400812,531.0,1.0,1.0,3.0,,,,96.0,122,782,4,7.0,1.3862943611198906
21,8.0,-0.12261467933966531,279.0,1.0,1.0,1.0,,,,62.0,44,1734,2,1.0,0.6931471805599453
19,17.0,-0.16774080903424124,7.0,1.0,1.0,6.0,,,,3.0,107,1022,7,27.0,1.9459101490553132
13,14.0,-0.28715166094904215,698.0,1.0,1.0,2.0,,,,128.0,121,1045,3,5.0,1.0986122886681096
17,10.0,-0.09941509986014846,121.0,1.0,1.0,12.0,,,,18.0,88,1524,13,9.0,2.5649493574615367
10,2.0,-1.5119397618561807,460.0,1.0,1.0,4.0,,,,85.0,91,1503,5,9.0,1.6094379124341003
12,11.0,-0.16137558776968045,633.0,1.0,1.0,3.0,,,,114.0,173,1074,4,6.0,1.3862943611198906
15,3.0,-0.6934190360505883,123.0,1.0,1.0,1.0,,,,54.0,112,1588,2,10.0,0.6931471805599453
7,10.0,-0.36730431486041265,671.0,1.0,1.0,8.0,,,,116.0,113,2317,9,14.0,2.1972245773362196
8,16.0,-0.12093435524775847,425.0,1.0,1.0,3.0,,,,105.0,111,1649,4,15.0,1.3862943611198906
19,6.0,-0.14501723189521742,710.0,1.0,1.0,1.0,,,,167.0,112,1711,2,0.0,0.6931471805599453
13,16.0,-0.6479933543993903,302.0,1.0,1.0,4.0,,,,59.0,63,1122,5,5.0,1.6094379124341003
8,6.0,-1.3678028335850514,443.0,1.0,1.0,6.0,,,,73.0,104,1537,7,11.0,1.9459101490553132
13,2.0,-0.6145445522682407,531.0,1.0,1.0,5.0,,,,95.0,100,1619,6,8.0,1.791759469228055
6,18.0,-0.8651189252625998,1469.0,1.0,1.0,4.0,,,,259.0,119,1060,5,4.0,1.6094379124341003
11,6.0,-0.8652566875756303,451.0,1.0,1.0,4.0,,,,193.0,70,755,5,8.0,1.6094379124341003
11,20.0,-0.2559288236574609,1367.0,1.0,1.0,2.0,,,,291.0,111,611,3,0.0,1.0986122886681096
10,12.0,-0.5653131155294604,1428.0,1.0,1.0,0.0,,,,298.0,76,731,1,1.0,0.0
7,6.0,-1.3671370245582704,1174.0,1.0,1.0,2.0,,,,,165,1722,3,5.0,1.0986122886681096
5,8.0,-0.9864206321401875,701.0,1.0,1.0,3.0,,,,112.0,63,1044,4,18.0,1.3862943611198906
20,19.0,-0.12796687031168685,16.0,1.0,1.0,4.0,,,,4.0,125,1546,5,8.0,1.6094379124341003
8,4.0,-1.3641679489655743,951.0,1.0,1.0,5.0,,,,162.0,159,1373,6,1.0,1.791759469228055
15,14.0,-0.44791157182769314,63.0,1.0,1.0,5.0,,,,13.0,46,2543,6,2.0,1.791759469228055
25,14.0,-0.8877571224221602,402.0,1.0,1.0,3.0,,,,93.0,99,452,4,0.0,1.3862943611198906
16,18.0,-0.27342378749918234,108.0,1.0,1.0,1.0,,,,22.0,54,577,2,7.0,0.6931471805599453
17,17.0,-0.2337293428499474,293.0,1.0,1.0,4.0,,,,139.0,90,640,5,4.0,1.6094379124341003
9,16.0,-1.1967196773832085,315.0,1.0,1.0,1.0,,,,56.0,77,1125,2,14.0,0.6931471805599453
21,1.0,-0.17112822127131821,31.0,1.0,1.0,3.0,,,,9.0,163,919,4,4.0,1.3862943611198906
6,15.0,-0.124699121072602,549.0,1.0,1.0,7.0,,,,86.0,105,2029,8,19.0,2.0794415416798357
5,9.0,-1.0863275130710066,1018.0,1.0,1.0,5.0,,,,84.0,149,1497,6,12.0,1.791759469228055
15,13.0,-0.14501723317181606,590.0,1.0,1.0,2.0,,,,124.0,92,1204,3,2.0,1.0986122886681096
15,18.0,-0.11617368084712348,934.0,1.0,1.0,9.0,,,,204.0,72,1721,10,2.0,2.302585092994046
24,19.0,-0.19051782588200067,452.0,1.0,1.0,3.0,,,,111.0,56,766,4,0.0,1.3862943611198906
23,10.0,-0.15273276958447493,194.0,1.0,1.0,3.0,,,,41.0,70,1416,4,0.0,1.3862943611198906
19,10.0,-0.3746484564893674,78.0,1.0,1.0,3.0,,,,18.0,133,1390,4,13.0,1.3862943611198906
11,17.0,-1.3877944912262747,344.0,1.0,1.0,3.0,,,,66.0,70,1617,4,9.0,1.3862943611198906
11,10.0,-1.284742211412302,188.0,1.0,1.0,2.0,,,,76.0,68,586,3,22.0,1.0986122886681096
24,13.0,-0.11321415754784539,452.0,1.0,1.0,6.0,,,,111.0,69,1258,7,0.0,1.9459101490553132
8,4.0,-0.737930127659327,1558.0,1.0,1.0,6.0,,,,300.0,89,438,7,1.0,1.9459101490553132
14,2.0,-0.20978208320044536,336.0,1.0,1.0,5.0,,,,110.0,69,1122,6,7.0,1.791759469228055
5,5.0,-0.9922133336172321,1351.0,1.0,1.0,4.0,,,,181.0,136,1049,5,7.0,1.6094379124341003
7,2.0,-1.4908274112810485,911.0,1.0,1.0,0.0,,,,116.0,30,106,1,19.0,0.0
25,19.0,-0.14031619652534644,1.0,1.0,1.0,1.0,,,,1.0,155,1220,2,4.0,0.6931471805599453
6,14.0,-0.2965846006393243,1469.0,1.0,1.0,7.0,,,,,108,2407,8,5.0,2.0794415416798357
6,8.0,-0.1822252412304724,1469.0,1.0,1.0,1.0,,,,259.0,95,1067,2,4.0,0.6931471805599453
13,17.0,-0.6842255303581283,614.0,1.0,1.0,0.0,,,,172.0,166,1579,1,3.0,0.0
17,8.0,-0.15550256252123323,481.0,1.0,1.0,1.0,,,,103.0,131,993,2,1.0,0.6931471805599453
21,4.0,-0.12093435507976989,106.0,1.0,1.0,10.0,,,,,91,1350,11,7.0,2.3978952727983707
22,6.0,-0.12612851915270287,228.0,1.0,1.0,1.0,,,,52.0,79,1291,2,3.0,0.6931471805599453
19,12.0,-0.13592724782975882,52.0,1.0,1.0,6.0,,,,14.0,108,1166,7,2.0,1.9459101490553132
6,9.0,-0.14749562020587753,717.0,1.0,1.0,10.0,,,,119.0,116,1837,11,16.0,2.3978952727983707
15,8.0,-0.07629425808787967,122.0,1.0,1.0,0.0,,,,26.0,38,2502,1,3.0,0.0
20,6.0,-0.1613755879608439,168.0,1.0,1.0,0.0,,,,36.0,73,709,1,5.0,0.0
7,2.0,-0.5771396293287144,641.0,1.0,1.0,1.0,,,,110.0,92,786,2,14.0,0.6931471805599453
9,19.0,-0.1527327733747128,949.0,1.0,1.0,3.0,,,,173.0,127,1092,4,5.0,1.3862943611198906
9,12.0,-2.0905051840162456,1534.0,1.0,1.0,0.0,,,,309.0,61,0,1,0.0,0.0
17,18.0,-1.0456663734628755,63.0,1.0,1.0,2.0,,,,36.0,54,0,3,7.0,1.0986122886681096
14,16.0,-0.10646869359052358,374.0,1.0,1.0,14.0,,,,76.0,112,1166,15,5.0,2.70805020110221
15,9.0,-0.7862213821172264,283.0,1.0,1.0,0.0,,,,57.0,68,1388,1,2.0,0.0
5,12.0,-0.9742011081892968,1935.0,1.0,1.0,5.0,,,,,64,341,6,2.0,1.791759469228055
11,17.0,-0.12434528695123553,1291.0,1.0,1.0,4.0,,,,267.0,78,1574,5,0.0,1.6094379124341003
9,18.0,-0.11321415692441898,467.0,1.0,1.0,4.0,,,,84.0,83,1475,5,13.0,1.6094379124341003
15,12.0,-0.2045861509919845,820.0,1.0,1.0,1.0,,,,180.0,41,820,2,2.0,0.6931471805599453
17,13.0,-0.1905178261252231,103.0,1.0,1.0,4.0,,,,42.0,118,1100,5,11.0,1.6094379124341003
24,1.0,-0.14501723211319686,221.0,1.0,1.0,4.0,,,,78.0,68,1385,5,3.0,1.6094379124341003
5,9.0,-1.4208854820130583,2073.0,1.0,1.0,3.0,,,,375.0,160,1218,4,1.0,1.3862943611198906
23,14.0,-1.5567369860235611,496.0,1.0,1.0,6.0,,,,151.0,103,0,7,0.0,1.9459101490553132
16,12.0,-0.18627342882531753,867.0,1.0,1.0,1.0,,,,186.0,57,791,2,1.0,0.6931471805599453
5,19.0,-0.09624562315081629,1018.0,1.0,1.0,7.0,,,,158.0,165,1865,8,12.0,2.0794415416798357
6,7.0,-0.06609733417229763,1628.0,1.0,1.0,3.0,,,,,161,2409,4,3.0,1.3862943611198906
9,19.0,-0.14031619716295524,871.0,1.0,1.0,6.0,,,,209.0,102,1171,7,5.0,1.9459101490553132
9,3.0,-0.09941510283390641,379.0,1.0,1.0,1.0,,,,,108,1648,2,13.0,0.6931471805599453
22,1.0,-0.1677408098706492,206.0,1.0,1.0,4.0,,,,45.0,105,941,5,2.0,1.6094379124341003
5,2.0,-1.3502272604598837,1393.75,1.0,1.125,6.875,,,,273.0,106,1007,8,7.0,2.063693184711697
7,6.0,-0.5841324822480518,110.0,1.0,1.0,7.0,,,,21.0,195,1794,8,46.0,2.0794415416798357
15,8.0,-1.1898540560979203,27.0,1.0,1.0,3.0,,,,8.0,162,1231,4,24.0,1.3862943611198906
7,8.0,-1.431904284991568,912.0,1.0,1.0,2.0,,,,151.0,77,0,3,12.0,1.0986122886681096
23,18.0,-0.21526728804141904,78.0,1.0,1.0,4.0,,,,18.0,123,812,5,3.0,1.6094379124341003
5,10.0,-0.13592724786898777,273.0,1.0,1.0,2.0,,,,122.0,95,2065,3,39.0,1.0986122886681096
15,9.0,-0.11467368997297633,547.0,1.0,1.0,3.0,,,,114.0,77,1444,4,2.0,1.3862943611198906
7,3.0,-1.2505830730048562,341.0,1.0,1.0,4.0,,,,56.0,121,1811,5,29.0,1.6094379124341003
23,10.0,-0.15006569734864503,22.0,1.0,1.0,1.0,,,,6.0,137,935,2,2.0,0.6931471805599453
25,6.0,-1.7018513080138322,315.0,1.0,1.0,3.0,,,,75.0,110,0,4,1.0,1.3862943611198906
16,12.0,-1.2474853214452788,867.0,1.0,1.0,0.0,,,,186.0,117,0,1,2.0,0.0
20,13.0,-0.11321415722808323,492.0,1.0,1.0,0.0,,,,114.0,43,1898,1,1.0,0.0
5,15.0,-0.878694922954338,755.0,1.0,1.0,4.0,,,,122.0,129,2626,5,14.0,1.6094379124341003
14,6.0,-0.1905178283379581,147.0,1.0,1.0,4.0,,,,30.0,99,1341,5,9.0,1.6094379124341003
21,17.0,-0.12434528563519191,251.0,1.0,1.0,4.0,,,,55.0,82,1666,5,3.0,1.6094379124341003
19,14.0,-0.10400236868127039,290.0,1.0,1.0,2.0,,,,60.0,118,1964,3,1.0,1.0986122886681096
12,16.0,-0.4998164815962822,523.0,1.0,1.0,0.0,,,,133.0,91,436,1,13.0,0.0
21,5.0,-0.6855180065269098,279.0,1.0,1.0,5.0,,,,62.0,176,1730,6,4.0,1.791759469228055
7,6.0,-1.3206277529544532,1451.0,1.0,1.0,6.0,,,,265.0,188,1892,7,2.0,1.9459101490553132
19,1.0,-0.12434528586629037,140.0,1.0,1.0,2.0,,,,32.0,130,1331,3,1.0,1.0986122886681096
13,6.0,-0.15006569991652613,918.0,1.0,1.0,2.0,,,,110.0,96,1108,3,4.0,1.0986122886681096
8,4.0,-1.2011029104293751,1662.0,1.0,1.0,5.0,,,,326.0,128,1188,6,1.0,1.791759469228055
10,6.0,-0.7642565887930737,1428.0,1.0,1.0,4.0,,,,298.0,115,1944,5,0.0,1.6094379124341003
21,2.0,-0.4000704064912762,145.0,1.0,1.0,3.0,,,,32.0,101,562,4,1.0,1.3862943611198906
16,14.0,-1.2304095474404468,303.0,1.0,1.0,0.0,,,,60.0,88,978,1,0.0,0.0
11,11.0,-0.43836344976460545,1367.0,1.0,1.0,4.0,,,,291.0,80,746,5,1.0,1.6094379124341003
23,1.0,-0.1064686941461133,3.0,1.0,1.0,5.0,,,,2.0,90,1446,6,5.0,1.791759469228055
11,7.0,-1.6945521122804679,624.0,1.0,1.0,2.0,,,,113.0,154,1344,3,2.0,1.0986122886681096
23,5.0,-0.0823912814251518,1.0,1.0,1.0,1.0,,,,1.0,158,1766,2,7.0,0.6931471805599453
7,12.0,-0.08388921501797861,1662.0,1.0,1.0,6.0,,,,316.0,168,1991,7,2.0,1.9459101490553132
17,7.0,-0.14262561560235465,599.0,1.0,1.0,0.0,,,,127.0,82,1586,1,0.0,0.0
8,2.0,-0.1040023698401991,630.0,1.0,1.0,3.0,,,,,65,1791,4,7.0,1.3862943611198906
21,6.0,-1.6992451916046016,251.0,1.0,1.0,0.0,,,,55.0,56,0,1,1.0,0.0
22,1.0,-0.17437265738062804,288.0,1.0,1.0,1.0,,,,64.0,89,2377,2,0.0,0.6931471805599453
18,2.0,-0.8603898776232118,346.0,1.0,1.0,2.0,,,,72.0,87,1010,3,2.0,1.0986122886681096
16,9.0,-0.5872513429823536,47.0,1.0,1.0,4.0,,,,24.0,62,1447,5,17.0,1.6094379124341003
21,17.0,-1.5567369888957552,279.0,1.0,1.0,3.0,,,,62.0,99,0,4,1.0,1.3862943611198906
6,12.0,-1.7582811290641058,1250.0,1.0,1.0,7.0,,,,215.0,55,690,8,6.0,2.0794415416798357
13,12.0,-0.20978208326840644,101.0,1.0,1.0,11.0,,,,21.0,94,853,12,25.0,2.4849066497880004
16,16.0,-0.19051782580006332,755.0,1.0,1.0,4.0,,,,163.0,97,1301,5,2.0,1.6094379124341003
13,11.0,-0.08388921549877626,169.0,1.0,1.0,1.0,,,,32.0,62,2225,2,11.0,0.6931471805599453
13,3.0,-0.9159062963818506,769.0,1.0,1.0,3.0,,,,151.0,113,1708,4,3.0,1.3862943611198906
10,16.0,-0.9278548809561522,837.0,1.0,1.0,0.0,,,,150.0,71,298,1,4.0,0.0
9,14.0,-0.07107815110330987,333.0,1.0,1.0,5.0,,,,,117,2387,6,19.0,1.791759469228055
11,18.0,-0.8330984784842201,224.0,1.0,1.0,6.0,,,,52.0,90,923,7,16.0,1.9459101490553132
13,10.0,-0.6030306237648905,640.0,1.0,1.0,8.0,,,,118.0,191,1791,9,6.0,2.1972245773362196
8,16.0,-0.7967091721181657,1662.0,1.0,1.0,2.0,,,,326.0,87,0,3,0.0,1.0986122886681096
8,14.0,-0.689898333196714,752.0,1.0,1.0,3.0,,,,123.0,100,991,4,10.0,1.3862943611198906
9,9.0,-1.1418236035826623,729.0,1.0,1.0,4.0,,,,126.0,98,1225,5,10.0,1.6094379124341003
22,13.0,-0.516929865621674,250.0,1.0,1.0,6.0,,,,57.0,86,2188,7,1.0,1.9459101490553132
25,11.0,-0.1132141571888096,440.0,1.0,1.0,2.0,,,,107.0,48,1658,3,0.0,1.0986122886681096
23,11.0,-0.11771587360606217,336.0,1.0,1.0,7.0,,,,74.0,155,1494,8,1.0,2.0794415416798357
14,3.0,-0.12986299355462094,454.0,1.0,1.0,2.0,,,,86.0,107,1240,3,3.0,1.0986122886681096
11,1.0,-0.8055959882198999,1367.0,1.0,1.0,4.0,,,,291.0,74,1206,5,0.0,1.6094379124341003
14,12.0,-0.5309943753316878,161.0,1.0,1.0,1.0,,,,34.0,91,1909,2,6.0,0.6931471805599453
7,6.0,-0.8553813474920442,1662.0,1.0,1.0,1.0,,,,316.0,42,785,2,2.0,0.6931471805599453
10,5.0,-0.9520787963470452,1336.0,1.0,1.0,15.0,,,,273.0,121,1705,16,1.0,2.772588722239781
15,13.0,-0.7811830350308797,590.0,1.0,1.0,4.0,,,,112.0,85,1279,5,2.0,1.6094379124341003
12,18.0,-1.0643570057311165,1063.0,1.0,1.0,2.0,,,,221.0,78,1134,3,1.0,1.0986122886681096
9,11.0,-0.7881583007743778,1244.0,1.0,1.0,2.0,,,,81.0,78,1266,3,1.0,1.0986122886681096
22,19.0,-0.13592724805487197,13.0,1.0,1.0,2.0,,,,4.0,61,1452,3,2.0,1.0986122886681096
25,3.0,-1.6796338155747945,402.0,1.0,1.0,3.0,,,,93.0,47,0,4,0.0,1.3862943611198906
10,8.0,-0.18222523865141924,1428.0,1.0,1.0,2.0,,,,298.0,56,1249,3,1.0,1.0986122886681096
11,2.0,-0.15273276974833544,1100.0,1.0,1.0,2.0,,,,221.0,140,1467,3,1.0,1.0986122886681096
10,7.0,-0.14262561481724462,607.0,1.0,1.0,8.0,,,,,99,1169,9,11.0,2.1972245773362196
9,3.0,-0.7665022479953053,729.0,1.0,1.0,7.0,,,,126.0,96,1759,8,6.0,2.0794415416798357
21,4.0,-0.12796687165215234,35.0,1.0,1.0,3.0,,,,10.0,98,1404,4,4.0,1.3862943611198906
5,5.0,-0.40007040864459775,1775.0,1.0,1.0,0.0,,,,7.0,76,344,1,3.0,0.0
17,12.0,-0.16137558869364452,175.0,1.0,1.0,2.0,,,,37.0,104,820,3,6.0,1.0986122886681096
16,2.0,-1.2358180874686162,412.0,1.0,1.0,8.0,,,,78.0,145,1679,9,5.0,2.1972245773362196
19,18.0,-0.6849445222779008,517.0,1.0,1.0,4.0,,,,115.0,66,2333,5,0.0,1.6094379124341003
19,13.0,-0.2734237861898355,474.0,1.0,1.0,3.0,,,,104.0,117,618,4,0.0,1.3862943611198906
12,3.0,-0.16449280048125764,1267.0,1.0,1.0,3.0,,,,273.0,80,929,4,0.0,1.3862943611198906
8,4.0,-0.7296861819502758,295.0,1.0,1.0,13.0,,,,142.0,95,1522,14,22.0,2.639057329615259
25,1.0,-0.1527327696790448,440.0,1.0,1.0,2.0,,,,107.0,126,828,3,1.0,1.0986122886681096
14,5.0,-0.9261153804007574,114.0,1.0,1.0,3.0,,,,21.0,66,1860,4,13.0,1.3862943611198906
13,15.0,-0.10774895496905308,34.0,1.0,1.0,3.0,,,,10.0,79,1816,4,9.0,1.3862943611198906
6,14.0,-1.0381597428749574,1550.0,1.0,1.0,6.0,,,,274.0,80,1011,7,4.0,1.9459101490553132
10,3.0,-1.1663451280187822,866.0,1.0,1.0,1.0,,,,163.0,112,1157,2,5.0,0.6931471805599453
16,6.0,-0.07567499316272844,224.0,1.0,1.0,6.0,,,,,112,2128,7,7.0,1.9459101490553132
14,8.0,-0.8376259701036589,295.0,1.0,1.0,1.0,,,,58.0,37,984,2,7.0,0.6931471805599453
13,12.0,-1.0880335971704007,302.0,1.0,1.0,4.0,,,,110.0,55,376,5,7.0,1.6094379124341003
17,9.0,-0.17835968492995552,215.0,1.0,1.0,4.0,,,,45.0,74,1467,5,6.0,1.6094379124341003
22,11.0,-0.08624743578125085,54.0,1.0,1.0,3.0,,,,15.0,42,2250,4,0.0,1.3862943611198906
11,10.0,-0.10522023017898052,200.0,1.0,1.0,1.0,,,,35.0,83,1418,2,16.0,0.6931471805599453
18,10.0,-0.14031619719668065,100.11111111111111,1.1111111111111112,1.1111111111111112,7.611111111111111,,,,38.0,119,1714,9,4.0,2.153053359023082
9,19.0,-1.4450444515543681,914.0,1.0,1.0,5.0,,,,159.0,180,1614,6,5.0,1.791759469228055
7,14.0,-0.09050631389698979,1059.0,1.0,1.0,1.0,,,,,96,1640,2,9.0,0.6931471805599453
8,18.0,-0.1500656983804597,508.0,1.0,1.0,2.0,,,,151.0,119,1967,3,16.0,1.0986122886681096
7,10.0,-0.7629034314843778,1174.0,1.0,1.0,8.0,,,,151.0,114,1587,9,7.0,2.1972245773362196
11,12.0,-0.21526728979630202,236.0,1.0,1.0,0.0,,,,73.0,72,557,1,19.0,0.0
15,8.0,-0.7874906182218444,934.0,1.0,1.0,2.0,,,,204.0,68,1398,3,0.0,1.0986122886681096
7,20.0,-0.1711282218755134,1303.0,1.0,1.0,6.0,,,,235.0,120,1466,7,6.0,1.9459101490553132
10,12.0,-1.2535416837591717,919.0,1.0,1.0,2.0,,,,176.0,35,676,3,2.0,1.0986122886681096
15,14.0,-0.22106723896807393,131.0,1.0,1.0,2.0,,,,30.0,86,895,3,16.0,1.0986122886681096
19,10.0,-0.38002620952857064,710.0,1.0,1.0,9.0,,,,167.0,279,433,10,1.0,2.302585092994046
25,9.0,-2.090505175436192,315.0,1.0,1.0,3.0,,,,106.0,16,0,4,0.0,1.3862943611198906
15,17.0,-0.4602608573280276,525.0,1.0,1.0,2.0,,,,105.0,104,2594,3,2.0,1.0986122886681096
15,10.0,-0.2272105182919745,138.0,1.0,1.0,3.0,,,,32.0,35,939,4,5.0,1.3862943611198906
11,10.0,-0.12986299453943148,6.0,1.0,1.0,0.0,,,,4.0,62,1053,1,113.0,0.0
6,20.0,-1.048126454715314,1628.0,1.0,1.0,3.0,,,,295.0,104,1709,4,2.0,1.3862943611198906
8,14.0,-1.0879651696570949,861.0,1.0,1.0,4.0,,,,143.0,71,1542,5,10.0,1.6094379124341003
20,12.0,-0.1783596849364241,314.0,1.0,1.0,0.0,,,,70.0,124,789,1,2.0,0.0
18,8.0,-1.241526444949415,365.0,1.0,1.0,3.0,,,,79.0,154,2943,4,1.0,1.3862943611198906
14,16.0,-0.17466442673709237,654.0,1.0,1.0,2.0,,,,133.0,117,1106,3,0.0,1.0986122886681096
14,2.0,-0.7270612225377049,50.0,1.0,1.0,6.0,,,,13.0,118,1456,7,19.0,1.9459101490553132
15,1.0,-0.17466442860803563,1000.0,1.0,1.0,7.0,,,,228.0,147,1114,8,1.0,2.0794415416798357
23,1.0,-0.11321415747476869,9.0,1.0,1.0,8.0,,,,3.0,160,1728,9,8.0,2.1972245773362196
19,11.0,-0.17835968565151866,177.0,1.0,1.0,9.0,,,,39.0,50,1879,10,2.0,2.302585092994046
7,16.0,-2.0905051757014617,1775.0,1.0,1.0,4.0,,,,344.0,62,0,5,1.0,1.6094379124341003
8,2.0,-1.4568117493132762,295.0,1.0,1.0,0.0,,,,48.0,90,991,1,23.0,0.0
6,7.0,-1.2359036996203185,1014.0,1.0,1.0,7.0,,,,164.0,143,969,8,10.0,2.0794415416798357
13,11.0,-0.11617368119383206,54.0,1.0,1.0,2.0,,,,13.0,100,1662,3,17.0,1.0986122886681096
20,17.0,-0.6358191262904643,492.0,1.0,1.0,7.0,,,,114.0,83,1432,8,2.0,2.0794415416798357
20,14.0,-0.23372934183610725,492.0,1.0,1.0,2.0,,,,114.0,56,532,3,0.0,1.0986122886681096
17,5.0,-0.10052134404427632,690.0,1.0,1.0,1.0,,,,193.0,111,1357,2,1.0,0.6931471805599453
7,3.0,-0.16449279997453614,1775.0,1.0,1.0,5.0,,,,,93,1389,6,1.0,1.791759469228055
15,16.0,-0.30507376848675133,770.0,1.0,1.0,2.0,,,,165.0,122,472,3,1.0,1.0986122886681096
5,8.0,-0.38658899848414946,902.0,1.0,1.0,5.0,,,,223.0,100,1665,6,14.0,1.791759469228055
6,19.0,-0.14262561430889364,1776.0,1.0,1.0,4.0,,,,,114,1112,5,2.0,1.6094379124341003
9,11.0,-1.4228636999642732,823.0,1.0,1.0,5.0,,,,143.0,100,1235,6,7.0,1.791759469228055
13,13.0,-0.12612852011817025,1023.0,1.0,1.0,3.0,,,,215.0,108,1427,4,0.0,1.3862943611198906
23,6.0,-0.13181971672489026,98.0,1.0,1.0,7.0,,,,24.0,105,1372,8,7.0,2.0794415416798357
8,2.0,-1.102703681615624,1002.0,1.0,1.0,4.0,,,,170.0,145,1839,5,1.0,1.6094379124341003
5,10.0,-0.2097820827240262,2009.6666666666667,1.0,1.1666666666666667,5.166666666666667,,,,375.0,111,779,6,1.0,1.8191584434161694
13,15.0,-0.3309481472406383,531.0,1.0,1.0,6.0,,,,96.0,61,927,7,9.0,1.9459101490553132
7,6.0,-0.5263315544497239,1522.0,1.0,1.0,0.0,,,,285.0,71,964,1,2.0,0.0
20,11.0,-0.16774080878905448,492.0,1.0,1.0,4.0,,,,8.0,147,1248,5,0.0,1.6094379124341003
8,8.0,-0.12261467924311305,1219.0,1.0,1.0,3.0,,,,224.0,186,1329,4,5.0,1.3862943611198906
7,19.0,-0.08961926015223505,429.0,1.0,1.0,10.0,,,,105.0,115,2158,11,22.0,2.3978952727983707
19,1.0,-1.4061289026651294,517.0,1.0,1.0,6.0,,,,48.0,176,1049,7,1.0,1.9459101490553132
11,17.0,-0.717997645355394,451.0,1.0,1.0,3.0,,,,85.0,105,1276,4,4.0,1.3862943611198906
10,15.0,-1.531056336364864,197.0,1.0,1.0,8.0,,,,,73,2113,9,18.0,2.1972245773362196
11,4.0,-0.09233738809341416,126.0,1.0,1.0,5.0,,,,47.0,135,1919,6,24.0,1.791759469228055
5,1.0,-1.030521741813891,1077.0,1.0,1.0,4.0,,,,168.0,63,1664,5,11.0,1.6094379124341003
13,2.0,-0.09050631403578596,214.0,1.0,1.0,1.0,,,,43.0,63,1765,2,11.0,0.6931471805599453
5,9.0,-1.3978080128561619,1693.0,1.0,1.0,2.0,,,,291.0,140,1735,3,4.0,1.0986122886681096
8,17.0,-0.1500656977051718,951.0,1.0,1.0,1.0,,,,162.0,49,1254,2,6.0,0.6931471805599453
16,8.0,-1.1279273768541098,171.0,1.0,1.0,7.0,,,,34.0,103,1090,8,10.0,2.0794415416798357
10,1.0,-0.14749562014493806,919.0,1.0,1.0,5.0,,,,176.0,105,1403,6,5.0,1.791759469228055
15,15.0,-0.8528439498133776,7.0,1.0,1.0,1.0,,,,4.0,72,763,2,42.0,0.6931471805599453
19,6.0,-0.13592724843244128,64.0,1.0,1.0,5.0,,,,15.0,116,1463,6,17.0,1.791759469228055
25,14.0,-0.11321415637293016,12.0,1.0,1.0,0.0,,,,5.0,47,1952,1,3.0,0.0
7,3.0,-0.2711818852395044,1303.0,1.0,1.0,1.0,,,,235.0,121,1282,2,4.0,0.6931471805599453
12,15.0,-0.09727810554857,308.0,1.0,1.0,3.0,,,,60.0,66,1728,4,6.0,1.3862943611198906
19,1.0,-0.10646869435421716,417.0,1.0,1.0,3.0,,,,92.0,103,1547,4,2.0,1.3862943611198906
5,17.0,-0.08094879668639704,208.0,1.0,1.0,4.0,,,,,111,2491,5,50.0,1.6094379124341003
20,18.0,-0.14749561938851527,116.0,1.0,1.0,3.0,,,,29.0,54,1104,4,5.0,1.3862943611198906
13,7.0,-0.6191150358709958,640.0,1.0,1.0,4.0,,,,151.0,113,1698,5,2.0,1.6094379124341003
22,14.0,-0.7465260644854157,139.0,1.0,1.0,3.0,,,,31.0,104,828,4,2.0,1.3862943611198906
8,4.0,-0.7525986390471995,1219.0,1.0,1.0,5.0,,,,,79,661,6,3.0,1.791759469228055
14,4.0,-0.8630810523420325,475.0,1.0,1.0,5.0,,,,91.0,74,961,6,6.0,1.791759469228055
6,9.0,-0.20978208309281873,1896.0,1.0,1.0,8.0,,,,45.0,219,556,9,1.0,2.1972245773362196
25,16.0,-0.08624743597500162,12.0,1.0,1.0,4.0,,,,5.0,123,1792,5,1.0,1.6094379124341003
9,6.0,-1.5567370143506174,1178.0,1.0,1.0,2.0,,,,282.0,51,0,3,2.0,1.0986122886681096
11,17.0,-1.2394479820350892,81.0,1.0,1.0,1.0,,,,39.0,40,1911,2,31.0,0.6931471805599453
12,14.0,-1.1215012354246647,705.0,1.0,1.0,4.0,,,,129.0,59,1236,5,2.0,1.6094379124341003
7,13.0,-0.11771587285345038,580.0,1.0,1.0,0.0,,,,95.0,76,1563,1,17.0,0.0
10,3.0,-1.1884537134151263,866.0,1.0,1.0,5.0,,,,46.0,140,1488,6,3.0,1.791759469228055
5,12.0,-0.5180541139085464,1351.0,1.0,1.0,2.0,,,,226.0,52,1339,3,7.0,1.0986122886681096
5,17.0,-1.470882513087918,1935.0,1.0,1.0,6.0,,,,343.0,118,1444,7,2.0,1.9459101490553132
8,4.0,-0.688170974187529,861.0,1.0,1.0,6.0,,,,143.0,94,1573,7,8.0,1.9459101490553132
20,15.0,-0.09233738844912985,7.0,1.0,1.0,2.0,,,,2.0,101,2738,3,13.0,1.0986122886681096
11,9.0,-0.6137478737512826,593.0,1.0,1.0,3.0,,,,108.0,68,1234,4,4.0,1.3862943611198906
10,10.0,-0.10281397738201879,1428.0,1.0,1.0,4.0,,,,298.0,92,1956,5,1.0,1.6094379124341003
5,15.0,-0.5552848560495426,360.0,1.0,1.0,7.0,,,,56.0,63,2234,8,32.0,2.0794415416798357
7,13.0,-0.6203891754696365,1005.0,1.0,1.0,2.0,,,,171.0,135,940,3,6.0,1.0986122886681096
9,7.0,-1.6589701745006118,949.0,1.0,1.0,1.0,,,,,70,149,2,2.0,0.6931471805599453
6,3.0,-1.1642302502451882,589.0,1.0,1.0,13.0,,,,,162,2326,14,16.0,2.639057329615259
9,4.0,-1.0207331630726182,1534.0,1.0,1.0,9.0,,,,309.0,159,1178,10,1.0,2.302585092994046
11,17.0,-1.2139572007783503,294.0,1.0,1.0,2.0,,,,56.0,120,1451,3,11.0,1.0986122886681096
17,7.0,-0.08024737397216657,163.0,1.0,1.0,1.0,,,,33.0,109,2212,2,11.0,0.6931471805599453
19,7.0,-0.13592724733470565,199.0,1.0,1.0,0.0,,,,41.0,51,1144,1,12.0,0.0
18,5.0,-1.0947821037005983,19.0,1.0,1.0,4.0,,,,5.0,76,1284,5,14.0,1.6094379124341003
12,8.0,-0.4352008493761564,663.0,1.0,1.0,4.0,,,,121.0,154,1587,5,6.0,1.6094379124341003
25,5.0,-0.08544592484614894,315.0,1.0,1.0,3.0,,,,75.0,129,1823,4,0.0,1.3862943611198906
5,8.0,-1.222759322676529,401.0,1.0,1.0,6.0,,,,62.0,154,1762,7,31.0,1.9459101490553132
22,12.0,-0.12612851912626596,1.0,1.0,1.0,3.0,,,,1.0,143,1560,4,21.0,1.3862943611198906
6,15.0,-0.10774895518418456,78.0,1.0,1.0,7.0,,,,18.0,81,1581,8,62.0,2.0794415416798357
5,15.0,-0.05668454913397099,1444.5,1.125,1.125,6.8125,,,,,118,2355,8,5.0,2.05572501506252
14,6.0,-1.0014083034212664,1086.0,1.0,1.0,1.0,,,,243.0,40,576,2,1.0,0.6931471805599453
11,7.0,-1.1407540010433477,665.0,1.0,1.0,5.0,,,,121.0,122,1252,6,5.0,1.791759469228055
11,19.0,-1.1811471476484785,887.0,1.0,1.0,5.0,,,,173.0,73,1490,6,2.0,1.791759469228055
10,15.0,-0.11467368993811884,1141.0,1.0,1.0,3.0,,,,226.0,114,1843,4,3.0,1.3862943611198906
9,1.0,-0.7094030522010429,527.0,1.0,1.0,4.0,,,,98.0,108,1770,5,9.0,1.6094379124341003
16,4.0,-0.6667517516487123,460.0,1.0,1.0,2.0,,,,136.0,37,1481,3,5.0,1.0986122886681096
22,1.0,-0.627350971113493,171.0,1.0,1.0,1.0,,,,36.0,70,1365,2,2.0,0.6931471805599453
24,6.0,-0.1783596852082541,221.0,1.0,1.0,2.0,,,,49.0,95,1048,3,0.0,1.0986122886681096
5,13.0,-0.10646869415705826,1150.0,1.0,1.0,0.0,,,,,54,1629,1,10.0,0.0
11,13.0,-0.1261285197614778,407.0,1.0,1.0,6.0,,,,77.0,117,1584,7,6.0,1.9459101490553132
20,8.0,-0.24804423240051535,105.0,1.0,1.0,1.0,,,,24.0,64,703,2,1.0,0.6931471805599453
12,10.0,-0.14749561958805907,1063.0,1.0,1.0,4.0,,,,221.0,106,1098,5,2.0,1.6094379124341003
16,11.0,-0.15838126681193734,25.0,1.0,1.0,9.0,,,,7.0,76,1099,10,42.0,2.302585092994046
17,10.0,-0.07567499318993615,240.0,1.0,1.0,1.0,,,,53.0,89,2868,2,2.0,0.6931471805599453
12,20.0,-0.16774080965071986,759.0,1.0,1.0,1.0,,,,146.0,84,997,2,2.0,0.6931471805599453
14,1.0,-1.0058343853436311,97.0,1.0,1.0,6.0,,,,37.0,94,1352,7,10.0,1.9459101490553132
13,12.0,-0.18222524080723743,443.0,1.0,1.0,1.0,,,,85.0,61,1153,2,9.0,0.6931471805599453
12,19.0,-1.5584458400456742,118.0,1.0,1.0,8.0,,,,,150,1899,9,12.0,2.1972245773362196
25,16.0,-0.23372934074189278,250.0,1.0,1.0,1.0,,,,55.0,52,501,2,0.0,0.6931471805599453
15,5.0,-1.0963706832805982,934.0,1.0,1.0,2.0,,,,204.0,38,326,3,1.0,1.0986122886681096
5,15.0,-0.1527327706667047,1150.0,1.0,1.0,2.0,,,,183.0,40,1423,3,10.0,1.0986122886681096
15,1.0,-1.0600834263802301,666.0,1.0,1.0,2.0,,,,141.0,104,813,3,0.0,1.0986122886681096
7,3.0,-1.3855880895088726,621.0,1.0,1.0,4.0,,,,,89,1429,5,13.0,1.6094379124341003
17,18.0,-0.16449280030655888,97.0,1.0,1.0,1.0,,,,22.0,72,787,2,28.0,0.6931471805599453
20,18.0,-0.11930211208727062,186.0,1.0,1.0,6.0,,,,39.0,120,1536,7,4.0,1.9459101490553132
7,18.0,-0.8862890998056482,1174.0,1.0,1.0,4.0,,,,209.0,50,736,5,5.0,1.6094379124341003
14,16.0,-0.8002385409224931,1086.0,1.0,1.0,2.0,,,,243.0,72,765,3,1.0,1.0986122886681096
18,20.0,-0.14031619758647773,748.0,1.0,1.0,1.0,,,,174.0,170,1066,2,0.0,0.6931471805599453
8,4.0,-0.09141215213346605,78.0,1.0,1.0,12.0,,,,18.0,166,1612,13,53.0,2.5649493574615367
6,20.0,-0.10522022952901608,1776.0,1.0,1.0,1.0,,,,327.0,35,1620,2,2.0,0.6931471805599453
6,20.0,-0.17466442727606682,458.0,1.0,1.0,5.0,,,,,86,1379,6,24.0,1.791759469228055
17,15.0,-0.15006569825591157,121.0,1.0,1.0,6.0,,,,26.0,84,1012,7,5.0,1.9459101490553132
9,20.0,-0.7628000098530081,219.0,1.0,1.0,11.0,,,,38.0,103,1597,12,29.0,2.4849066497880004
11,20.0,-0.1711282218077885,524.0,1.0,1.0,6.0,,,,100.0,75,1137,7,12.0,1.9459101490553132
8,2.0,-1.119780041040447,1662.0,1.0,1.0,3.0,,,,326.0,133,1432,4,0.0,1.3862943611198906
25,4.0,-0.11179343463372059,124.0,1.0,1.0,4.0,,,,26.0,152,1305,5,5.0,1.6094379124341003
6,8.0,-0.47669678421675665,458.0,1.0,1.0,9.0,,,,76.0,106,106,10,26.0,2.302585092994046
19,5.0,-0.22721052202326766,1.0,1.0,1.0,1.0,,,,1.0,39,922,2,20.0,0.6931471805599453
10,7.0,-0.7940070376865624,1428.0,1.0,1.0,2.0,,,,298.0,80,229,3,1.0,1.0986122886681096
13,8.0,-0.10400236860091565,1219.0,1.0,1.0,7.0,,,,264.0,95,1603,8,0.0,2.0794415416798357
5,18.0,-0.7967065654538975,1935.0,1.0,1.0,4.0,,,,,85,1065,5,2.0,1.6094379124341003
20,8.0,-0.2831684034021608,492.0,1.0,1.0,0.0,,,,114.0,55,727,1,1.0,0.0
21,3.0,-0.3800262091018396,572.0,1.0,1.0,0.0,,,,137.0,39,396,1,1.0,0.0
9,9.0,-1.1128093914960793,570.0,1.0,1.0,3.0,,,,,84,2522,4,7.0,1.3862943611198906
14,7.0,-1.5596944991250379,1086.0,1.0,1.0,4.0,,,,243.0,70,0,5,1.0,1.6094379124341003
8,9.0,-0.19965672962496556,217.0,1.0,1.0,1.0,,,,,86,575,2,32.0,0.6931471805599453
11,17.0,-0.07955867645801225,266.0,1.0,1.0,7.0,,,,52.0,114,1844,8,8.0,2.0794415416798357
20,4.0,-0.178359684863931,597.0,1.0,1.0,0.0,,,,137.0,95,1197,1,0.0,0.0
7,4.0,-1.0676265433738483,557.0,1.0,1.0,2.0,,,,90.0,104,1302,3,16.0,1.0986122886681096
16,20.0,-0.5819054387298505,120.0,1.0,1.0,2.0,,,,31.0,197,1586,3,4.0,1.0986122886681096
15,7.0,-1.0456663844617453,1000.0,1.0,1.0,0.0,,,,228.0,53,0,1,0.0,0.0
18,9.0,-0.1862734277141612,33.0,1.0,1.0,2.0,,,,8.0,59,838,3,10.0,1.0986122886681096
5,9.0,-1.5719621008802875,1775.0,1.0,1.0,10.0,,,,343.0,75,792,11,3.0,2.3978952727983707
12,12.0,-1.531678888750758,953.0,1.0,1.0,4.0,,,,248.0,49,1233,5,1.0,1.6094379124341003
18,18.0,-0.31744868501893087,748.0,1.0,1.0,3.0,,,,174.0,83,647,4,0.0,1.3862943611198906
20,10.0,-2.9957322735539904,365.0,1.0,1.0,1.0,,,,81.0,41,0,2,0.0,0.6931471805599453
25,13.0,-1.2867858528661165,440.0,1.0,1.0,1.0,,,,107.0,101,733,2,0.0,0.6931471805599453
15,12.0,-0.15550256284315753,373.0,1.0,1.0,2.0,,,,75.0,111,1193,3,6.0,1.0986122886681096
17,15.0,-0.20458615163585955,797.0,1.0,1.0,4.0,,,,176.0,102,1109,5,0.0,1.6094379124341003
17,12.0,-0.12261467881135336,63.0,1.0,1.0,4.0,,,,15.0,116,1046,5,3.0,1.6094379124341003
5,12.0,-0.784592196498516,2073.0,1.0,1.0,1.0,,,,375.0,68,1349,2,1.0,0.6931471805599453
5,6.0,-1.1105577498298442,1351.0,1.0,1.0,5.0,,,,226.0,84,2276,6,7.0,1.791759469228055
5,6.0,-0.11040996419756563,1077.0,1.0,1.0,11.0,,,,168.0,148,1670,12,11.0,2.4849066497880004
14,13.0,-0.11930211184760717,1015.0,1.0,1.0,3.0,,,,219.0,183,1093,4,0.0,1.3862943611198906
11,10.0,-0.824069666422388,395.0,1.0,1.0,0.0,,,,,46,844,1,5.0,0.0
7,15.0,-0.10646869369368323,1522.0,1.0,1.0,2.0,,,,285.0,108,1677,3,2.0,1.0986122886681096
16,7.0,-0.15273277295593624,161.0,1.0,1.0,2.0,,,,56.0,165,1117,3,19.0,1.0986122886681096
17,3.0,-0.09624562316314653,148.0,1.0,1.0,2.0,,,,30.0,115,1953,3,3.0,1.0986122886681096
6,3.0,-1.3258557754564426,1896.0,1.0,1.0,9.0,,,,356.0,97,523,10,1.0,2.302585092994046
16,3.0,-0.8009209743431885,539.0,1.0,1.0,3.0,,,,110.0,78,1605,4,2.0,1.3862943611198906
5,10.0,-1.3583984967080671,1509.0,1.0,1.0,6.0,,,,255.0,149,729,7,6.0,1.9459101490553132
20,16.0,-0.8138957295008206,270.0,1.0,1.0,3.0,,,,57.0,79,1255,4,2.0,1.3862943611198906
20,10.0,-0.09941509930605133,418.0,1.0,1.0,0.0,,,,16.0,110,2098,1,3.0,0.0
17,19.0,-1.6796338141001586,797.0,1.0,1.0,0.0,,,,176.0,72,0,1,1.0,0.0
13,5.0,-0.08313311787052623,191.0,1.0,1.0,4.0,,,,39.0,90,2021,5,8.0,1.6094379124341003
15,12.0,-0.15006569814385312,334.0,1.0,1.0,9.0,,,,70.0,135,994,10,3.0,2.302585092994046
17,17.0,-0.28316840201721843,57.0,1.0,1.0,5.0,,,,14.0,110,745,6,11.0,1.791759469228055
17,5.0,-1.5428747676012295,1.0,1.0,1.0,0.0,,,,1.0,78,657,1,67.0,0.0
25,18.0,-0.7922274904144079,217.0,1.0,1.0,5.0,,,,47.0,87,1378,6,0.0,1.791759469228055
8,7.0,-1.4575482334824315,1358.0,1.0,1.0,1.0,,,,252.0,132,1698,2,3.0,0.6931471805599453
14,8.0,-0.7815961120310442,736.0,1.0,1.0,2.0,,,,152.0,98,1374,3,1.0,1.0986122886681096
13,2.0,-1.0503481127856416,918.0,1.0,1.0,1.0,,,,139.0,120,1234,2,1.0,0.6931471805599453
12,5.0,-0.6844497571186092,48.0,1.0,1.0,4.0,,,,12.0,58,2034,5,38.0,1.6094379124341003
13,6.0,-0.09624562298989425,443.0,1.0,1.0,5.0,,,,128.0,117,1825,6,4.0,1.791759469228055
18,14.0,-0.15006569760473473,328.0,1.0,1.0,2.0,,,,68.0,92,953,3,1.0,1.0986122886681096
14,3.0,-0.8077204620486174,654.0,1.0,1.0,2.0,,,,133.0,122,1578,3,1.0,1.0986122886681096
19,10.0,-0.19051782615232907,25.0,1.0,1.0,2.0,,,,6.0,122,865,3,17.0,1.0986122886681096
18,7.0,-0.11467369003115634,328.0,1.0,1.0,4.0,,,,68.0,172,1383,5,3.0,1.6094379124341003
5,2.0,-0.4148328863432521,596.0,1.0,1.0,7.0,,,,,105,1959,8,21.0,2.0794415416798357
19,7.0,-0.13592724839837686,59.0,1.0,1.0,4.0,,,,19.0,84,1799,5,18.0,1.6094379124341003
7,2.0,-0.17466442792050235,405.0,1.0,1.0,0.0,,,,66.0,22,954,1,20.0,0.0
13,3.0,-0.11617368100636001,302.0,1.0,1.0,8.0,,,,59.0,137,1675,9,7.0,2.1972245773362196
5,4.0,-1.3130642940281585,1509.0,1.0,1.0,3.0,,,,255.0,165,1781,4,6.0,1.3862943611198906
21,19.0,-0.27342378616545654,532.0,1.0,1.0,0.0,,,,122.0,84,618,1,0.0,0.0
5,6.0,-0.1261285198900246,1509.0,1.0,1.0,2.0,,,,255.0,112,1169,3,6.0,1.0986122886681096
13,16.0,-1.3287222448723106,1.0,1.0,1.0,2.0,,,,1.0,45,2182,3,154.0,1.0986122886681096
17,2.0,-0.10906227060236748,389.0,1.0,1.0,0.0,,,,78.0,70,1520,1,3.0,0.0
25,17.0,-0.7627121708007244,59.0,1.0,1.0,3.0,,,,14.0,88,731,4,0.0,1.3862943611198906
13,3.0,-0.2831684063759205,160.0,1.0,1.0,5.0,,,,29.0,86,401,6,12.0,1.791759469228055
12,10.0,-0.7064252715649928,1267.0,1.0,1.0,0.0,,,,,108,1900,1,1.0,0.0
13,2.0,-0.9938351838003352,698.0,1.0,1.0,2.0,,,,149.0,63,1054,3,4.0,1.0986122886681096
13,15.0,-0.6931705897068635,245.0,1.0,1.0,9.0,,,,48.0,161,1566,10,11.0,2.302585092994046
9,5.0,-0.4975375791216708,949.0,1.0,1.0,5.0,,,,,125,2187,6,1.0,1.791759469228055
20,10.0,-0.8466678494608241,139.0,1.0,1.0,8.0,,,,32.0,175,1263,9,3.0,2.1972245773362196
8,17.0,-0.840536283593843,1558.0,1.0,1.0,4.0,,,,300.0,177,744,5,1.0,1.6094379124341003
14,5.0,-0.15838126785470583,894.0,1.0,1.0,3.0,,,,193.0,202,1135,4,0.0,1.3862943611198906
7,2.0,-0.12434528547953172,468.0,1.0,1.0,4.0,,,,,112,1223,5,19.0,1.6094379124341003
5,6.0,-0.8272853269533534,1208.0,1.0,1.0,8.0,,,,194.0,84,1497,9,9.0,2.1972245773362196
13,5.0,-0.1380847286985202,1371.0,0.0,0.0,1.0,,,,,48,1241,2,0.0,0.6931471805599453
25,3.0,-1.4581874222718005,528.0,0.0,0.0,4.0,,,,140.0,62,0,5,0.0,1.6094379124341003
8,15.0,-1.246205641545212,1873.0,0.0,0.0,0.0,,,,384.0,66,1352,1,0.0,0.0
20,15.0,-1.379388324517069,745.0,0.0,0.0,2.0,,,,191.0,53,0,3,0.0,1.0986122886681096
6,9.0,-1.3310162080846641,2145.0,0.0,0.0,5.0,,,,416.0,140,1201,6,0.0,1.791759469228055
20,19.0,-1.556736985718711,745.0,0.0,0.0,0.0,,,,191.0,56,0,1,0.0,0.0
16,20.0,-0.2406601260634748,1042.0,0.0,0.0,0.0,,,,247.0,87,675,1,0.0,0.0
7,15.0,-1.8366506666192384,2005.0,0.0,0.0,2.0,,,,403.0,63,0,3,0.0,1.0986122886681096
23,13.0,-2.0905051765910243,602.0,0.0,0.0,0.0,,,,155.0,35,0,1,0.0,0.0
15,18.0,-2.9957322735539904,1134.0,0.0,0.0,0.0,,,,270.0,34,0,1,0.0,0.0
7,12.0,-0.4397337498240839,2005.0,0.0,0.0,0.0,,,,403.0,75,1008,1,0.0,0.0
5,20.0,-1.0456663759867995,2336.0,0.0,0.0,2.0,,,,436.0,57,0,3,0.0,1.0986122886681096
17,18.0,-1.5524151057176967,969.0,0.0,0.0,5.0,,,,236.0,126,871,6,0.0,1.791759469228055
10,1.0,-1.105765298688386,1615.0,0.0,0.0,1.0,,,,352.0,36,874,2,0.0,0.6931471805599453
13,16.0,-0.11617368028940671,1371.0,0.0,0.0,5.0,,,,310.0,119,1331,6,0.0,1.791759469228055
11,15.0,-2.090505176140264,1537.0,0.0,0.0,0.0,,,,340.0,20,0,1,0.0,0.0
22,20.0,-1.2474853253454679,636.0,0.0,0.0,0.0,,,,165.0,65,0,1,0.0,0.0
10,18.0,-2.0905051784266506,1615.0,0.0,0.0,0.0,,,,352.0,30,0,1,0.0,0.0
12,18.0,-0.18222523919464106,1424.0,0.0,0.0,4.0,,,,320.0,94,986,5,0.0,1.6094379124341003
15,16.0,-1.2474853155690298,,,,,,,,270.0,46,0,1,0.0,
5,11.0,-0.17112822177222056,2336.0,0.0,0.0,5.0,,,,436.0,76,1382,6,0.0,1.791759469228055
12,20.0,-1.3907332362475693,1424.0,0.0,0.0,3.0,,,,320.0,101,985,4,0.0,1.3862943611198906
10,19.0,-1.5567369967734817,1615.0,0.0,0.0,0.0,,,,352.0,82,0,1,0.0,0.0
22,5.0,-1.0456663755728361,,,,,,,,165.0,119,0,1,0.0,
13,10.0,-2.090505180935456,,,,,,,,310.0,51,0,1,0.0,
20,17.0,-0.36201535489544423,745.0,0.0,0.0,0.0,,,,191.0,85,586,1,0.0,0.0
14,8.0,-1.3116959674411284,1230.0,0.0,0.0,9.0,,,,288.0,77,1379,10,0.0,2.302585092994046
14,8.0,-0.4478616593681896,1230.0,0.0,0.0,4.0,,,,288.0,89,498,5,0.0,1.6094379124341003
22,15.0,-0.5936775610537723,636.0,0.0,0.0,0.0,,,,165.0,130,0,1,0.0,0.0
24,5.0,-0.6479229491637316,551.0,0.0,0.0,5.0,,,,146.0,99,657,6,0.0,1.791759469228055
18,5.0,-0.17835968612468137,873.0,0.0,0.0,2.0,,,,216.0,83,1021,3,0.0,1.0986122886681096
22,13.0,-0.10522022951458096,636.0,0.0,0.0,4.0,,,,165.0,94,1343,5,0.0,1.6094379124341003
10,7.0,-1.556736997070137,1615.0,0.0,0.0,2.0,,,,352.0,66,0,3,0.0,1.0986122886681096
6,13.0,-0.2337293437517388,2145.0,0.0,0.0,2.0,,,,,109,1097,3,0.0,1.0986122886681096
5,16.0,-0.8063851317449671,2336.0,0.0,0.0,1.0,,,,,59,3655,2,0.0,0.6931471805599453
12,6.0,-0.8668693300107722,1424.0,0.0,0.0,0.0,,,,320.0,53,695,1,0.0,0.0
5,8.0,-1.0837634987213962,2336.0,0.0,0.0,3.0,,,,193.0,123,2264,4,0.0,1.3862943611198906
13,7.0,-2.090505178242118,1371.0,0.0,0.0,0.0,,,,310.0,51,0,1,0.0,0.0
24,13.0,-0.1746644258582769,551.0,0.0,0.0,2.0,,,,67.0,85,1125,3,0.0,1.0986122886681096
9,18.0,-0.12612852136511754,1732.0,0.0,0.0,2.0,,,,366.0,65,1382,3,0.0,1.0986122886681096
21,5.0,-1.0456663743996646,679.0,0.0,0.0,2.0,,,,175.0,82,0,3,0.0,1.0986122886681096
18,15.0,-2.9957322735539904,873.0,0.0,0.0,0.0,,,,216.0,31,0,1,0.0,0.0
11,16.0,-0.8511417824868528,1537.0,0.0,0.0,7.0,,,,340.0,50,809,8,0.0,2.0794415416798357
9,15.0,-0.6276365419562917,1732.0,0.0,0.0,5.0,,,,309.0,114,2118,6,0.0,1.791759469228055
16,18.0,-1.2474853178831486,1042.0,0.0,0.0,0.0,,,,247.0,69,0,1,0.0,0.0
19,16.0,-0.7140791673291893,829.0,0.0,0.0,1.0,,,,207.0,28,511,2,0.0,0.6931471805599453
20,10.0,-2.9957322735539904,745.0,0.0,0.0,0.0,,,,49.0,29,0,1,0.0,0.0
13,20.0,-1.5567369862874132,1371.0,0.0,0.0,0.0,,,,310.0,57,0,1,0.0,0.0
6,2.0,-0.7857881931001361,2145.0,0.0,0.0,3.0,,,,416.0,110,1310,4,0.0,1.3862943611198906
11,1.0,-1.0684917866503585,1537.0,0.0,0.0,6.0,,,,340.0,185,2259,7,0.0,1.9459101490553132
5,19.0,-2.9957322735539904,2336.0,0.0,0.0,0.0,,,,436.0,32,0,1,0.0,0.0
13,12.0,-0.10400236853951308,1371.0,0.0,0.0,0.0,,,,310.0,164,1861,1,0.0,0.0
25,17.0,-0.31744868386847475,,,,,,,,140.0,64,657,1,0.0,
14,9.0,-0.7982823404997306,1230.0,0.0,0.0,2.0,,,,288.0,76,1282,3,0.0,1.0986122886681096
11,10.0,-2.090505181812194,1537.0,0.0,0.0,0.0,,,,340.0,59,0,1,0.0,0.0
23,14.0,-0.3800262062401493,602.0,0.0,0.0,1.0,,,,155.0,25,334,2,0.0,0.6931471805599453
19,1.0,-2.090505176838551,829.0,0.0,0.0,0.0,,,,207.0,73,0,1,0.0,0.0
10,10.0,-1.2474853222030169,1615.0,0.0,0.0,0.0,,,,352.0,43,0,1,0.0,0.0
10,7.0,-0.7771690811678033,1615.0,0.0,0.0,2.0,,,,352.0,107,907,3,0.0,1.0986122886681096
17,15.0,-2.090505177683735,,,,,,,,236.0,38,0,1,0.0,
7,17.0,-0.8514323488139709,2005.0,0.0,0.0,7.0,,,,403.0,39,523,8,0.0,2.0794415416798357
11,4.0,-1.9320836452739192,1537.0,0.0,0.0,0.0,,,,340.0,94,0,1,0.0,0.0
18,3.0,-1.5567369897924086,873.0,0.0,0.0,0.0,,,,216.0,75,0,1,0.0,0.0
13,16.0,-1.2474853295278385,1371.0,0.0,0.0,0.0,,,,310.0,86,0,1,0.0,0.0
6,2.0,-0.19497340757358503,2145.0,0.0,0.0,9.0,,,,416.0,143,1467,10,0.0,2.302585092994046
6,15.0,-0.7967091726346537,,,,,,,,416.0,22,218,1,0.0,
5,12.0,-0.22106723997299998,2336.0,0.0,0.0,3.0,,,,436.0,65,601,4,0.0,1.3862943611198906
20,10.0,-2.9957322735539904,745.0,0.0,0.0,1.0,,,,186.0,57,0,2,0.0,0.6931471805599453
10,8.0,-0.1555025631650189,1615.0,0.0,0.0,1.0,,,,352.0,41,1039,2,0.0,0.6931471805599453
22,16.0,-0.14262561423190007,636.0,0.0,0.0,2.0,,,,165.0,105,1606,3,0.0,1.0986122886681096
21,5.0,-0.1403161979945697,679.0,0.0,0.0,1.0,,,,175.0,41,2863,2,0.0,0.6931471805599453
10,3.0,-1.0828506078263562,1615.0,0.0,0.0,3.0,,,,352.0,87,1155,4,0.0,1.3862943611198906
14,6.0,-1.5013322583175936,1230.0,0.0,0.0,0.0,,,,288.0,70,0,1,0.0,0.0
7,18.0,-1.8039062169215607,2005.0,0.0,0.0,5.0,,,,403.0,110,0,6,0.0,1.791759469228055
24,4.0,-0.8619725426254767,551.0,0.0,0.0,2.0,,,,146.0,97,845,3,0.0,1.0986122886681096
25,6.0,-0.3309481442235066,528.0,0.0,0.0,6.0,,,,140.0,62,645,7,0.0,1.9459101490553132
6,12.0,-1.4934801757392013,2145.0,0.0,0.0,1.0,,,,416.0,45,714,2,0.0,0.6931471805599453
24,17.0,-1.4663202189559932,551.0,0.0,0.0,4.0,,,,146.0,84,0,5,0.0,1.6094379124341003
24,6.0,-1.5567370199673747,551.0,0.0,0.0,0.0,,,,146.0,56,0,1,0.0,0.0
23,9.0,-0.28316840333097026,602.0,0.0,0.0,0.0,,,,155.0,90,476,1,0.0,0.0
